key,kr,en,jp,zh-sc-gl,zh-sc-zai,th,id,ru,it,pt,es,vi,zh-hant,fr,tr
camera_post,_‘ñ “ïŒ_ ï–±ï,Post,__«åè†È†ä ,ë•ëÙÛ__“ë–,ë•ëÙÛ__“ë–,šÙ_šÙ±šÙ_š_äšÙâšÙÇšÙ”š_äšÙ_šÙéšÙ«š_‘,Posting,___è‹Û_±__Ù_______ç‹ä‹‘,Pubblica,Publicar,Publicar,óóÛng,_Ù_ëä___“ë–,Poster,G’_nderi
camera_inProgress,ñ_ÜÍ__ ñ_•...,In progress...,_—_‘_Ù_Š—_,è_‘_Ù_...,è_‘_Ù_...,šÙšÙ_šÙÇšÙ±šÙöšÙ”šÙ_š_—šÙÈšÙ‚šÙÈšÙšÙ_šÙ£...,Sedang berlangsung,_ê‹ _è_____‹_µ‹ä‹‹...,In corso...,Em andamento...,En progreso...,óang tiˆ_èn h’¾nh...,_—_‘_Ù_......,En cours...,Devam ediyor...
camera_fail,FAIL,FAIL,FAIL,ë_±‚Ç,ë_±‚Ç,FAIL,GAGAL,__•___È,ERRORE,ERRO,FALLO,FAIL,FAIL,FAIL,BA_ARISIZ
camera_success,ñÈÜï£‘,Done,ëÂ‘__æ,ëÂ‘__,ëÂ‘__,šÙéšÙ_š_—šÙ£š_öšÙ_,Selesai,_–__‹ä______,Operazione completata,Pronto,Listo,Ho’¾n Tˆ_Çt,ëÂ‘__,Terminer,Tamam
camera_feedMessage,#ZEPETOWorld,#ZEPETOWorld,#ZEPETOWorld,#ZEPETOWorld,#ZEPETOWorld,#ZEPETOWorld,#ZEPETOWorld,#ZEPETOWorld,#ZEPETOWorld,#ZEPETOWorld,#ZEPETOWorld,#ZEPETOWorld,#ZEPETOWorld,#ZEPETOWorld,#ZEPETOWorld
camera_characterLimit,ñµ“ï‘— 150ñ_,Max 150 characters,_“—ë__150__öë_ã,_“—ë__150ë_ã,_“—ë__150ë_ã,šÙéšÙ_šÙöšÙéšÙÙšÙ” 150 šÙ«šÙ±šÙ_,Maksimal 150 kata,_“_ç__‹. 150 ‹_Ù___________,Limite max. di 150 caratteri,M’x. 150 caracteres,150 caracteres como m’x.,Tˆ•i ó•a 150 k’_ tˆ±,_“—ë__150ë_ã,150 caract’åres maximum,Maks. 150 karakter
zw_quest_alert_clear,Í—…ñ__Í_ÙïÇ_ Í‚ï_Œñ_‚ Í__ñ_µï _ï _! ñ__ÍÛŒÍ”ÜïÇ_ Í_ï–Í«…ñÜÙñ_”.,You've cleared all the quests! Receive the stamps.,†äÀ†äå†ä_†Û_†äê†äÀ†Ûé†ä¢†ã†™†ä_´_ †ä_†äè†Û_†Ûã†äê_ë_ã†ã†ä_†æ´_,_ë_ëà_ëÂ‘__´__¢æë_ëçâ¾ë_,_ë_ëà_ëÂ‘__´__¢æë_ëçâ¾ë_,š_—šÙÜšÙÇšÙµšÙ¢šÙ£š_‘š_—šÙÜšÙ_šÙéšÙ«š_‘š_—šÙ£šÙµšÙ¢šÙ_šÙ£š__šÙ_šÙ¢š_šÙÇš__šÙ_! šÙ£šÙ±šÙ_šÙéš_šÙ«šÙšÙ_š_‘š_ÜšÙ”š__š_—šÙÇšÙ¢,Anda telah menyelesaikan semua misi! Terima stempelnya.,_ê‹  _à_ç___µ‹—‹__Ù__Ù __‹_µ _____µ‹‹ä‹ !! _™___‹Û‹ö_Ù‹ä_µ _è_µ‹ö_ç‹ä_Ù.,Hai completato tutte le missioni! Ricevi subito i francobolli.,Concluiu todas as miss’µes! Receba as estampas.,ÎCompletaste todas las misiones! Aqu’_ tienes las recompensas.,Bˆ_n ó•’£ ho’¾n th’¾nh tˆ_Çt cˆ_£ c’c nhiˆöm vˆÇ! H’£y nhˆ__n con dˆ_Çu.,_ë ÈëÂ‘__´_â _¾…ë_ëçâ¾,Vous avez termin’© toutes les qu’étes ! Obtenez les tampons.,B’_t’_n g’_revleri tamamladó±n! Damgalaró± al.
zw_quest_alert_reward,ï_‚ñÛ _‘ñ‚ñ_—ïÇ_ ñ±Üñ_¾ñ_µï _ï _! ï_‚ïŒ_ñÛñ_ïÇ_ ï_‘ï™Œ ï_‚ñÛñÜ ñ_…ï¾_Í«…ñÜÙñ_”.,The reward gauge has been filled! Click on the treasure box to collect the reward.,†Û“†Û_†Û_†ä_†ä_†Û_†äÙ†‘__—†äè†Û_†¾†ä_´_ëÂÂ±†äê†äè†ÛÛ†Ûã†ã†_†—ë¾±_ÄŒ†äêëã†•ë_†£†_†_†—ä,ëà_ëâ_ëÇ_ë_±Â_öëÈå´_ä_ëöëÂÂ±_¢æë_ëÇ_ë_±ë_,ëà_ëâ_ëÇ_ë_±Â_öëÈå´_ä_ëöëÂÂ±_¢æë_ëÇ_ë_±ë_,š_šÙ_šÙ_šÙ£šÙ_šÙöšÙ_šÙ±šÙÇš_—šÙ«š_öšÙš_šÙÇš__šÙ_! šÙšÙ”šÙãšÙµš__šÙšÙÇš__šÙ_šÙöšÙ£šÙ_šÙöšÙ_šÙ±šÙÇš_—šÙ_šÙàš__šÙ_šÙ£šÙ±šÙ_šÙ£šÙ_šÙöšÙ_šÙ±šÙÇ,Meteran hadiah sudah terisi! Klik kotak harta karun untuk mengambil hadiah.,"_å___ç__ç ___ç__‹—_ç_‚ _à_ç_è______µ___ç! __ç_____Ù‹ä_µ ___ç ‹‹Û___‚‹Û__ ‹ ‹____‹—_____Ù‹__ç___Ù, ‹ö‹ä___±‹  _è___‹Û‹ö_Ù‹ä‹‘ ___ç__‹—_ç_‚‹Û.",L'indicatore della ricompensa ’å ora al massimo livello! Clicca sullo scrigno del tesoro per riscattarla.,A barra de recompensas foi preenchida! Clique no ba’_ para coletar a recompensa.,ÎSe llen’_ el medidor de recompensas! Haz clic en el cofre del tesoro para recolectar la recompensa.,ó’£ ho’¾n th’¾nh chˆ_ ti’éu nhˆ__n th¬çˆ™ng! Nhˆ_Çn v’¾o hˆÈp kho b’u ó•ˆÛ thu thˆ__p phˆ__n th¬çˆ™ng.,_ë µå__ö_¢ëà__è´____Ù_Â_©Â±_¾…ë__ë µë_´_,La jauge de r’©compense a ’©t’© remplie ! Cliquez sur le coffre au tr’©sor pour r’©cup’©rer la r’©compense.,’_d’_l g’_stergesi dolduruldu! ’_d’_l’_ toplamak i’_in hazine kutusuna tó±kla.
zw_quest_alert_repeat,ï_‚ñÛ _‘ñ‚ñ_—ïÇ_ ñ±Üñ_¾ñ_µï _ï _! ï_‚ïŒ_ñÛñ_ïÇ_ ï_‘ï™Œ ï_‚ñÛñÜ ñ_…ï¾_Í«…ñÜÙñ_”.,You've cleared all the quests! Receive the rewards.,†äÀ†äå†ä_†Û_†äêëÄå_Ûå†äÀ†Ûé†ä¢†ã†™†ä_´_ ë¾±_ÄŒ†äê_ë_ã†ã†ä_†æ´_,ëà_ëÂ‘__ëÄå_Ûå_ë_´__¢æë_ëÇ_ë_±ë_,ëà_ëÂ‘__ëÄå_Ûå_ë_´__¢æë_ëÇ_ë_±ë_,š_—šÙÜšÙÇšÙµšÙ¢šÙ£š_‘š_—šÙÜšÙ_šÙéšÙ«š_‘šÙãšÙ±š__šÙöšÙâšÙšÙ”š_šÙÇš__šÙ_! šÙ£šÙ±šÙ_ šÙ£šÙ_šÙöšÙ_šÙ±šÙÇš_ÜšÙ”š__š_—šÙÇšÙ¢,Anda telah menyelesaikan semua misi! Terima hadiah.,_ê‹  _à_ç___µ‹—‹__Ù__Ù __‹_µ _____µ‹‹ä‹ !! _™___‹Û‹ö_Ù‹ä_µ ___ç__‹—_ç_‚‹ .,Hai completato tutte le missioni! Ricevi le ricompense.,Concluiu todas as miss’µes! Receba as recompensas.,ÎCompletaste todas las misiones! Aqu’_ tienes las recompensas.,Bˆ_n ó•’£ ho’¾n th’¾nh tˆ_Çt cˆ_£ c’c nhiˆöm vˆÇ! H’£y nhˆ__n th¬çˆ™ng.,ëà_ëÂ‘____—_“__ë È´_â _¾…ë__ë µ,Vous avez termin’© toutes les qu’étes ! Obtenez les r’©compenses.,B’_t’_n g’_revleri tamamladó±n! Al: ’_d’_ller.
zw_quest_alert_connect,Í—…ñ__Í_ÙïÇ_ Í‚ï_Œñ_‚Í__ñ_µï _ï _! ï _ñ‘ Í—…ñ__Í_ÙïÇ_ ÍÈ«ñÙÍ«‚ñ£_ñÜÙñ_”!,You've cleared the quest! Please check for next quest!,†äÀ†äå†ä_†Û_†äê†äÀ†Ûé†ä¢†ã†™†ä_´__Œ†Â†äÀ†äå†ä_†Û_†äê¢_é†ã†ä_†æ´_,_ë_ëÂ‘__´__™Ç“ _Ù _Ù—_Ùé_ë_ë_´_,_ë_ëÂ‘__´__™Ç“ _Ù _Ù—_Ùé_ë_ë_´_,š_—šÙÜšÙÇšÙµšÙ¢šÙ£š_‘š_—šÙÜšÙ_šÙéšÙ«š_‘š_—šÙ£šÙµšÙ¢šÙ_šÙ£š__šÙ_šÙ¢š_šÙÇš__šÙ_! š_äšÙ_šÙ£šÙ”šÙ«šÙ£šÙ_šÙ_šÙéšÙ_šÙ_š_—šÙÜšÙ_šÙéšÙ«š_‘šÙ«š__šÙ_š_ÜšÙ_!,Anda telah menyelesaikan misi! Silakan periksa misi selanjutnya!,"_____µ‹‹ä __‹ _è______µ__! _£_à___ç__‹ä_µ, ___ç______ _____µ‹‹ä ___ç‹ ___‚_µ‹ä _‚_ç_‹‘‹__µ!",Hai completato la missione! Scopri qual ’å la prossima sfida da completare!,Concluiu a miss’£o! Veja a pr’_xima miss’£o!,ÎCompletaste la misi’_n! ÎBusca la siguiente!,Bˆ_n ó•’£ ho’¾n th’¾nh tˆ_Çt cˆ_£ c’c nhiˆöm vˆÇ! H’£y xem nhiˆöm vˆÇ tiˆ_èp theo!,ëà_ëÂ‘___ë È´_â _™Ç“ _Ù _Ù—ë— _ë È´_,Vous avez termin’© la qu’éte ! Veuillez vous renseigner sur la prochaine qu’éte !,G’_revi tamamladó±n! L’_tfen bir sonraki g’_rev i’_in kontrol et.
zw_quest_popup_Title_world,ñ_”ï–“ Í—…ñ__Í_Ù,World Quest,†ÛÀ†Û_†Ûâ†Û_†äÀ†äå†ä_†Û_,_Ù_«‘_ë_,_Ù_«‘_ë_,š_—šÙÜšÙ_šÙéšÙ«š_‘ World,Misi Dunia,_____µ‹‹ä _“_Ù‹—_ç,Missione del Mondo,Miss’£o de Mundo,Misi’_n de Mundo,Nhiˆöm VˆÇ World,_Ù_«‘_ë È,Qu’éte du Monde,D’_nya G’_revi
zw_quest_popup_Title_daily,ïçñ_ï_Œ Í—…ñ__Í_Ù,Daily Quest,†Ûö†ä_†Ûé†Û_†äÀ†äå†ä_†Û_,_À_ãÇ_ë_,_À_ãÇ_ë_,š_—šÙÜšÙ_šÙéšÙ«š_‘šÙ_šÙ£šÙçšÙ_šÙ_šÙ_šÙ±šÙÈ,Misi Harian,_«___µ_‚___µ____‹ __ _____µ‹‹ä,Missione del giorno,Miss’£o Di’ria,Misi’_n diaria,Nhiˆöm VˆÇ H’¾ng Ng’¾y,_À_ãÇ_ë È,Qu’éte quotidienne,G’_nl’_k G’_rev
zw_quest_popup_Title_event,ñ‚ï__Í_Ù Í—…ñ__Í_Ù,Event Quest,†ä_†ÛÈ†Û_†Û_†äÀ†äå†ä_†Û_,_‚ë_å_ë_,_‚ë_å_ë_,š_—šÙÜšÙ_šÙéšÙ«š_‘šÙšÙ‚šÙ_šÙšÙ£šÙ£šÙ,Misi Event,_____µ‹‹ä ___ç ‹___±‹ ‹ä_Ù_µ,Missione evento,Miss’£o de Evento,Misi’_n de evento,Nhiˆöm VˆÇ Sˆ± Kiˆön,_‚ë «_ë È,Qu’éte d'’©v’ånements,Etkinlik G’_revi
zw_quest_reward_button,ÍÈ«ñÙ,View,¢_é,ÂÂ_,ÂÂ_,šÙ«šÙ£šÙ_šÙ_šÙéšÙ_šÙ_,Lihat,_™‹—__‹____‹ä‹—_µ‹ä‹‘,Visualizza,Ver,Ver,Xem,¢_é,Confirmer,G’_r’_nt’_le
zw_quest_reward_item_check,ñ_—Ù_ ñç©ñ_©Í«…Ùç,Equip Now,__†È†—__è†_†ä ,_çë“å©è__‚,_çë“å©è__‚,šÙéšÙ_šÙš_ÛšÙéš__šÙ«šÙ_šÙÈšÙÈšÙµš__,Pakai Sekarang,_____Ù_è_Ù‹—‹Û__‹ä_µ ‹_µ__‹ö_ç‹,Applica ora elementi,Equipar agora,Equipar ahora,Trang Bˆ  Ngay,â ë__Ä__‚,Essayer maintenant,_imdi Ku™an
zw_quest_reward_worlditem_check,ñ_—Ù_ ñäŒñ_©Í«…Ùç,Use Now,__†È†__è†æ,_çë“å__è”å,_çë“å__è”å,š_ÛšÙ_š__šÙ«šÙ_šÙÈšÙÈšÙµš__,Gunakan Sekarang,_…‹_è___‹‘_à‹Û__‹ä_µ ‹_µ__‹ö_ç‹,Usa ora,Usar agora,Usar ahora,D’_ng Ngay,â ë___è”å,Utiliser maintenant,_imdi Kullan
zw_quest_alert_reward_check,Í—…ñ__Í_Ù Í‚ï_Œñ_‚ ï_‚ñÛñÜ ïç_ñ«…ñ_‚ñ_”! <br>ñÜ¾ïŒ_Í«åñãñÜ“ Í_ï–Í«“ ñ«Üñ‚ÍÄ“ñÜ ÍÈ«ñÙÍ«‚ ï_‚ñÜÙñ_”.,You've received a quest clear reward! <br>Check out the item in the gift box.,†äÀ†äå†ä_†Û_†äÀ†Ûé†ä¢†Û“†Û_†Û_†ä_†äê†ä_†ÛÛ†Û_´_<br>†Ûã†ÛŒ†ä_†Û_†Û_BOX†_¢_é†_††ä †ä_´_,_”_ë_ç__æ_ë_ëÂ‘__ëÇ_ë_±´_<br>Ààë“å___©_êÂÂ__àë_ã_Üë«æë–,_”_ë_ç__æ_ë_ëÂ‘__ëÇ_ë_±´_<br>Ààë“å___©_êÂÂ__àë_ã_Üë«æë–,šÙÜšÙÙšÙ–š_ÜšÙ”š__šÙ£šÙ±šÙ_šÙ£šÙ_šÙöšÙ_šÙ±šÙÇš_—šÙÜšÙÇšÙµšÙ¢šÙ£š_‘š_—šÙÜšÙ_šÙéšÙãš_‘! <br>šÙ«šÙ£šÙ_šÙ_šÙéšÙ_šÙ_š_ÜšÙ_š_—šÙãšÙš_ÛšÙÈšÙšÙÇš__šÙ_šÙöšÙäšÙ_šÙöšÙäšÙ_šÙ±šÙ,Hadiah penyelesaian misi didapat! <br>Cek itemnya di kotak hadiah.,_ê‹  _è___‹Û‹ö_Ù__Ù ___ç__‹—_ç_‚‹Û _à_ç __‹ _è______µ___Ù_µ _____µ‹‹ä_ç!<br>_ê_ç‹_ _è‹—_µ_‚___µ‹ä Š—” __ _™___‚_ç‹—__‹ö______ ____‹—___±___µ.,Hai ricevuto una ricompensa per aver completato la missione!<br>Scopri cos'hai vinto nella scatola regalo.,Recebeu uma recompensa de conclus’£o de miss’£o! <br>Confira o item na caixa de presentes.,ÎRecibiste una recompensa por completar la misi’_n!<br>La encontrar’s en la caja de regalo.,Bˆ_n ó•’£ nhˆ__n ó•¬çˆ£c th¬çˆ™ng ho’¾n th’¾nh nhiˆöm vˆÇ! <br>KiˆÛm tra vˆ__t phˆ_©m trong hˆÈp qu’¾.,_”_ë_ç__æ_ë ÈëÂ‘___ë µ´_<br>â ë“å_Â_©_ê¢_é_ë_ã_Ü_©ë–,Vous avez re’_u une r’©compense pour terminer une qu’éte ! <br>V’©rifiez les articles dans le coffret cadeau.,G’_rev tamamlama ’_d’_l’_ aldó±n! <br>Hediye kutusundan ’_geyi kontrol et.
zw_quest_linked_button,ñãç_ç Í—…ñ__Í_Ù ï_‚Ùç,View linked quests,†äÀ†äå†ä_†Û_†äê†Û†ä_†ÛÛ†äÀ,_™Ç“ è___Ç_ë_,_™Ç“ è___Ç_ë_,šÙ”šÙ_š_—šÙÜšÙ_šÙéšÙãš_‘šÙãšÙ±š__šÙöšÙâšÙšÙ”,Lihat misi,_™__‹____‹ä‹—_µ‹ä‹‘ __‹_µ _____µ‹‹ä‹ ,Visualizza tutte le missioni,Ver todas as miss’µes,Ver todas las misiones,Xem tˆ_Çt cˆ_£ nhiˆöm vˆÇ,_™Ç“ __µ_ë È,Voir les qu’étes li’©es,T’_m g’_revlere bak
zw_quest_msg_complete,Í—…ñ__Í_Ù ñÈÜï£‘,Quest Clear,†äÀ†äå†ä_†Û_†äÀ†Ûé†ä¢,ëà_ëÂ‘___ë_,ëà_ëÂ‘___ë_,š_—šÙÜšÙ_šÙéšÙ«š_‘š_—šÙÜšÙÇšÙµšÙ¢šÙ£š_‘,Misi Selesai,_____µ‹‹ä _à_ç___µ‹—‹__µ__,Missione completata,Miss’£o Conclu’_da,Misi’_n completada,Nhiˆöm VˆÇ Ho’¾n Th’¾nh,_ë ÈëÂ‘__,Qu’éte accomplie,G’_revi Tamamla
STR_Button_Okay,ÍÈ«ñÙ,OK,¢_é,ÂëÂ_,ÂëÂ_,šÙ«šÙ£šÙ_šÙ_šÙéšÙ_šÙ_,Lihat,_™‹—__‹____‹ä‹—_µ‹ä‹‘,Visualizza,Ver,Ver,Xem,¢_é,Confirmer,G’_r’_nt’_le
STR_Button_Cancel,ñàåñæ‘,Cancel,†ä_†Û£†Û_†ä†Ûâ,ë____,ë____,šÙ¢šÙš_—šÙÇšÙ‚šÙ,Batal,__‹ä___µ___ç,Annulla,Cancelar,Cancelar,Hˆ_y,ë____,Annuler,óçptal Et
STR_UI_Gesture_Title,ñ¾“ñ__ñ_…,Gesture,†äÙ†ä_†ä_†Û†Û£†Û_,ë_å__“,ë_å__“,šÙãš__šÙ_šÙãšÙ_šÙö,Gerakan,___µ‹‹ä,Gesto,Gesto,Gesto,Cˆ_ Chˆ_,__ ë ¢,Geste,Hareket
ZW_CRCollab_STR_LoadingPage,ÍÈ”ï©‚ñÜ ÍÛ_Í«‚ ñ__ÍäµÍ«…ñÜÙñ_”,Tap the screen to skip,”_¢†äê†äè†ÛÛ†Ûã†ã†_†ä_†ä_†ÛÛ†Ûã†ã†_††¾†«†Ü,ä_ëöë±ë_«à_èö,ä_ëöë±ë_«à_èö,š_šÙ«šÙçšÙâšÙÈš__šÙ_šÙ_šÙ_š_—šÙ_šÙàš__šÙ_šÙäš__šÙ_šÙ,Ketuk layar untuk melewati,"____‹___Ù‹ä_µ‹‹‘ ‹__‹—_ç___ç, ‹ö‹ä___±‹  _è‹—___è‹Û‹‹ä_Ù‹ä‹‘",Tocca lo schermo per saltare,Toque na tela para ignorar,Toca la pantalla para omitir,Chˆ_m m’¾n h’Œnh ó•ˆÛ bˆ qua,___–_«â_¢ë_ëÀ«Ç__,Appuyez sur l'’©cran pour passer,Ge’_mek i’_in ekrana dokun
STR_Screen_Msg,ñ¾“Í_…Íæ¾ ñ_”ï–“ñÈ—ñ… Íæµñ ¾ñ‚ ï_ñ_‚ñ‘ñ_‚ñ_”.<br>ï _ñ “ ñ¾•ñæÍ«¾_‘ñ_”?,You've lost your connection to ZEPETO World.<br>Try again?,ZEPETO World†å†Â_—__è†‘<br>ë_ö†ä‘†_†ã†_†Ü†_†ã†™†—ä<br>†ää†æ_Ù—ë____Ç__†ã†_†È† ´_™,You've lost your connection to ZEPETO World.<br>Try again?,You've lost your connection to ZEPETO World.<br>Try again?,šÙšÙ_šÙ£š_—šÙ_šÙàš__šÙ_šÙšÙ«š__šÙ_šÙšÙ±šÙ_ ZEPETO WORLD šÙ_šÙ_šÙšÙ«šÙ±šÙ”šÙäšÙ_šÙ”<br>šÙ«š__šÙ_šÙöšÙšÙ_šÙ£š_—šÙ_šÙàš__šÙ_šÙšÙ«š__šÙ_šÙ_šÙµšÙšÙÜšÙ£šÙ±š__šÙöšÙâšÙ£šÙàšÙ_š_ÜšÙš__?,Kamu kehilangan koneksi Dunia ZEPETO.<br>Apakah kamu ingin mencoba untuk terhubung lagi?,___‹_à‹‘ ‹ _“_Ù‹—____ ZEPETO _è‹—_µ‹—___ç___ç.<br>_™____‹ä__‹—_Ù‹ä‹‘ _è___‚___‹_‹ö_µ___Ù_µ?,Hai perso la connessione al Mondo ZEPETO.<br>Vuoi riprovare?,Conex’£o perdida com o Mundo ZEPETO.<br>Tentar novamente?,Perdiste la conexi’_n con el Mundo ZEPETO.<br>ÎèIntentar de nuevo?,Bˆ_n ó•’£ mˆ_Çt kˆ_èt nˆ•i vˆ_i ZEPETO World.<br>Thˆ_ lˆ_i?,ZEPETO_Ù_«‘ëà___àà_´_‘<br>__ö__ç_—£à_ëã_´_™,Vous avez perdu la connexion au Monde ZEPETO.<br>Voulez-vous vous reconnecter ?,ZEPETO D’_nyasó± ile baó™lantó±n koptu.<br>Tekrar denensin mi?
zw_sr_str_result_restarting,__ _‘ñ_Üñ‚ ñ_Œñ “ñ_• ï©ï _ï _.,The game is restarting soon.,†ää†æ†È††ä_†Û_†Û¾†‘ëæ__ †«†ä‘†_†È†—ä,_À”µ_ë_ëçæ_ö__çë_—ë_ ,_À”µ_ë_ëçæ_ö__çë_—ë_ ,š_—šÙšÙšÙšÙ_šÙÇšÙ±šÙöšÙ_šÙçš_—šÙ£šÙ‚š__šÙšÙ«š__šÙÈšÙ_šÙµšÙšÙÜšÙ£šÙ±š__šÙö,Permainan akan dimulai lagi.,_…__‹—_ç ‹____‹—__ _è_µ‹—_µ_à_ç_è‹Û‹‹ä_Ù‹ä‹‹.,Il gioco riprender’¾ presto.,O jogo ser’ reiniciado em breve.,El juego se reiniciar’ pronto.,Tr’_ ch¬i sˆ__ sˆ_m khˆ™i ó•ˆÈng lˆ_i.,_____ë_ëçö_ö__ç__ ë_ ,Le jeu red’©marre bient’‚t.,Oyun yakó±nda yeniden ba™ló±yor.
zw_sr_str_alert_popup_title,ñ_¾_,Wait,††äö†£†åë_Ä†£†_´_,___Ù—_Ù ,___Ù—_Ù ,šÙéšÙ±šÙšÙÜšÙ£šÙ_š__,Sebentar,_™_ç‹Û_à_ç,Pausa,Pausa,Pausa,óˆ£i x’_u,____´_,Pause,Duraklat
zw_sr_str_ranking_tooltip_title,ï__Íä_ ï_‚ñÛ,Rank Rewards,†Û©†Û_†ä_†Û_†äçë¾±_ÄŒ,__êëëÇ_ë_±,__êëëÇ_ë_±,šÙ£šÙ_šÙöšÙ_šÙ±šÙÇšÙ_šÙ±šÙÈšÙ”šÙ±šÙ_,Hadiah Peringkat,__ç__‹—_ç_‚_ç _à_ç ___µ‹‹ä__ __ ‹—_µ__‹ä_Ù_____µ,Premio classifica,Pr’émio de classifica’_’£o,Premio de clasificaci’_n,Th¬çˆ™ng Hˆ_ng,__êë_ë µ,Prix de classement,Só±ralama ’_d’_l’_
zw_sr_str_reward_popup_subtitle,ñ_«Í«…Í«‚ñ_”! ï_‚ñÛñÜ ïç_ñ«…ñ_‚ñ_”.,Congratulations!<br>You've received a reward.,†_†ä†_†å†æ´_<br>ë¾±_ÄŒ†‘ë±_†Ü†™†ä_´_,__ë_“__¾_”_ë_ç__æëÇ_ë_±´_,__ë_“__¾_”_ë_ç__æëÇ_ë_±´_,šÙ¢šÙ‚šÙÈšÙ”šÙµšÙ”š__šÙ_šÙ¢!<br>š_ÜšÙ”š__šÙ£šÙ±šÙ_šÙ£šÙ_šÙöšÙ_šÙ±šÙÇš_šÙÇš__šÙ_,Selamat!<br>Anda telah mendapatkan hadiah.,_™___à_‚‹—_ç___‹_µ__!<br>_ê‹  _è___‹Û‹ö_Ù__Ù ___ç__‹—_ç_‚‹Û.,Congratulazioni!<br>Hai ricevuto un premio.,Parab’©ns!<br>Voc’é recebeu um pr’émio.,ÎFelicitaciones!<br>Recibiste un premio.,Xin ch’_c mˆâng!<br>Bˆ_n ó•’£ nhˆ__n ó•¬çˆ£c th¬çˆ™ng.,__ë_“__¾´_ëà__ë_ã_ë µ´_,F’©licitations !<br>Vous avez re’_u un prix.,Tebrikler!<br>Bir ’_d’_l aldó±n.
MLB_Ranking_MyRank,ïä‚ ï__Íä_,My Ranking,†Û_†ä_†Û©†Û_†ä_†Û_†äç,__•_Ü__êë,__•_Ü__êë,šÙ_šÙ±šÙÈšÙ”šÙ±šÙ_šÙäšÙ_šÙöšÙ_šÙ±šÙÈ,Peringkat saya,_“____ ‹—_µ__‹ä_Ù____,La mia posizione,Minha Classifica’_’£o,Mi posici’_n,Xˆ_èp hˆ_ng cˆ_a t’‚i,__•_Ü__êë,Mon classement,Só±ralamam
MLB_Ranking_Sum,ï_Üñ¾ñ¾ñ_…,Total Score,†Û_†Û_†äè†Ûâä__«ç,‚À_Àë_æ_«ç,‚À_Àë_æ_«ç,šÙÜšÙçš_šÙÈšÙÈšÙéšÙçšÙéšÙ,Total Skor,___±‹__Ù__ ‹‹ö_µ‹ä,Punteggio Totale,Pontua’_’£o Total,Puntaje total,óiˆÛm t’_ch l©y,‚À_Àë_æ_«ç,Score total,Toplam Puan
ZW_CRCollab_STR_Alert_Catalog,ñ«Üñ_ ñÜ¾ÍÛï“ ñ«Üñ‚ÍÄ“ñ‚ ñãæñ_‚ñ_”!,You haven't selected an item!,†_†¾_Ù___†«†ä‘†™†ä¢†ä_†Ûæ†Û¾†‘†é†Ü†ä_´_,è…___“__—__ ©_Üë«æë–´_,è…___“__—__ ©_Üë«æë–´_,šÙ¢šÙ±šÙöš_ÜšÙš__š_ÜšÙ”š__š_—šÙÇšÙàšÙ_šÙš_ÜšÙ_š_—šÙãšÙ!,Anda belum memilih item!,_ê‹  ___µ __‹ _±‹—_ç__Ù _è‹—_µ_‚___µ‹ä!,Ancora nessun articolo selezionato.,Nenhum item selecionado!,ÎNo seleccionaste un art’_culo!,Bˆ_n ch¬ça chˆn vˆ__t phˆ_©m!,ëç__“é_Ù_–ö_©ë–´_,Vous n'avez pas s’©lectionn’© d'article !,Bir ’_ge se’_medin!
STR_UI_Gesture_Keyword1,ïéåï•Í•“ñ “,All,†ää†£†å_ †ä ,ëÄå_Ûå_…___,ëÄå_Ûå_…___,š_šÙéšÙ”šÙöšÙãšÙ±š__šÙöšÙâšÙšÙ”,Lihat semua,_™__‹____‹ä‹—_µ‹ä‹‘ _ê‹_µ,Visualizza tutti,Ver Tudo,Ver todo,Xem Tˆ_Çt Cˆ_£,ëÄå_Ûå_À__,Tout afficher,T’_m’_n’_ g’_r
STR_UI_Gesture_Keyword2,ñÙñäŒ,Greet,_‘å_ _,__–_ _ë•_,__–_ _ë•_,šÙãšÙ±šÙšÙãšÙ_šÙ¢,Salam,Greeting,Saluti,Sauda’_’£o,Saludo,Lˆi Ch’¾o,__–_ _ë•_,Salutation,Selamlama
STR_UI_Gesture_Keyword3,ï‘Üñ__,Dance,†Û—†Û_†ä_,____,____,š_—šÙ«š__šÙÈ,Menari,Dance,Ballo,Dan’_a,Baile,Khi’éu V©,____,Danse,Dans
STR_UI_Gesture_Keyword4,Ùñ¾«,Positive,†Û†äÙ†Ûæ†ä£†Û_,_À__,_À__,š_—šÙâš_öšÙÈšÙ”š__šÙ_šÙ¢,Positif,Positive,Positivo,Positivo,Positivo,T’_ch Cˆ±c,©_Çµ,Positif,Pozitif
STR_UI_Gesture_Keyword5,ï_—ñ¾«,Negative,†Û†äŒ†Ûæ†ä£†Û_,_____,_____,šÙ_šÙšÙ‚š_—šÙéšÙ…,Negatif,Negative,Negativo,Negativo,Negativo,Ti’éu Cˆ±c,____Çµ,N’©gatif,Negatif
STR_UI_Gesture_Keyword6,ÍŒñ__,Pose,†Û†Û_†ä_,ëö__—¾ë_ ,ëö__—¾ë_ ,š_äšÙ_šÙé,Pose,Pose,Posa,Pose,Pose,Tˆ_o D’ng,ë_èë ¢,Pose,Poz
zw_new_quickchat_preset_001,ñ«_ïÄ«!,Hi!,†–†ä–†â††À´_,__¾ëÇ_´_,__¾ëÇ_´_,šÙéšÙ_šÙ±šÙéšÙ”šÙµ!,Halo!,"____, _è‹—_Ù___µ‹ä",Ciao!,Oi !,ÎHola!,Xin ch’¾o,__¾ëÇ_´_,Salut !,Selam!
zw_new_quickchat_preset_002,ïç…ç—ñ_‘~,Nice to meet you,___†_†_†æ†ä‘†ã†Ü´__,ë___â…ëÄ‚Â_Àæ__¾~,ë___â…ëÄ‚Â_Àæ__¾~,šÙ¢šÙ‚šÙÈšÙ”šÙµšÙãšÙµš__š_ÜšÙ”š__šÙ£šÙ_š__šÙ_šÙ±šÙ,Salam kenal,_™‹—_Ù‹‹ä____ _è___à___ç_______Ù‹ä‹‘‹‹!,Piacere di conoscerti!,Prazer em conhec’é-lo,Un placer conocerte,Rˆ_Çt vui ó•¬çˆ£c gˆ_àp bˆ_n,_ ë_ç__¾ë___â…__~,Enchant’©,Tanó±™tó±ó™ó±mó±za memnun oldum
zw_new_quickchat_preset_003,ñ…_ñ…ï _!,So pretty,ëÀ_Ü_†Ü,ëÇ___ä__Â,ëÇ___ä__Â,šÙéšÙ_šÙ¢,Cantik!,_ê‹ ___‹_‚_Ù‹ä __‹—_ç‹_Ù____!,Ma che carino!,Que bonito(a),Que lindo(a),óˆ__p qu’! Qu’ ó•ˆ__p!,ëÇ___ä__Â,Magnifique,’öok ho™
zw_new_quickchat_preset_004,ñ__ÍÛ—ñ_ ï© ñ__ï _,Love your style!,†ä_†Û_†ÛöëÀ_Ü_†Ü´__,©è__ëÇ_ëÇ_“ ,©è__ëÇ_ëÇ_“ ,šÙéš_ÜšÙ«šÙÇš_‘šÙ_šÙ±šÙöšÙšÙ_šÙ,Gayanya keren!,__‹—‹Û‹ä____ ‹‹ä_Ù_‹‘!,Adoro il tuo stile!,Adorei seu estilo!,ÎMe encanta tu estilo!,óˆ– ó•ˆ__p qu’ nha!,__¾__ë_©©è_Üë__ëÇ_“ ,J'adore ton sytle,Kó±yafetine bayó±ldó±m!
zw_new_quickchat_preset_005,ñäŒñ_Ü ñçñ_!,LetŠ—Ès take a pic,_Ù—àê†âëæÈ“™_êÂ†ä†æ†ä_´_,_Ù—µà_ Ä_ë_,_Ù—µà_ Ä_ë_,šÙšÙ_šÙ_š__šÙ_šÙ¢šÙ£šÙ_šÙ_šÙšÙ±šÙÈ,Ayo foto bareng!,_”_ç___ç__‹ä_µ ‹‹Ü__‹ä____‹—_ç‹Ü_Ù‹—‹Û_µ__‹‹!,Facciamo una foto!,Vamos tirar uma foto juntos,Tom’©monos una foto ,ChˆÇp vˆ_i m’Œnh mˆÈt tˆ_Çm ó•i,à™__•_Ù—µà_ Ä_ë_,On prend une photo ensemble ?,Hadi fotoó™raf ’_ekelim
zw_new_quickchat_preset_006,çÈñ‚ ïæ—ñ_,LetŠ—Ès play,_Ù—àê†â__†_†æ´_,_Ù—µà_©ë_,_Ù—µà_©ë_,šÙšÙ_š_—šÙÇš__šÙÈšÙ”š__šÙ_šÙ¢šÙšÙ±šÙÈ,Ayo main!,_™__‹—_ç _Ù__‹—_ç‹ä‹‘!,Giochiamo!,Vamos jogar,Vamos a jugar,M’Œnh ch¬i chung ó•i!,_Ù—µà_©ë_,Viens on joue,Hadi oynayaló±m
zw_new_quickchat_preset_007,†Ä †Ä †Ä †Ä †Ä †Ä ,LOL,(Œ•),ë–_ë–_ë–_,ë–_ë–_ë–_,555,wkwkwk,_Ç_ç-‹Ä_ç,LOL,kkk,ÎJaja!,Haha,ë–_ë–_ë–_ë–_,mdr,LOL
zw_new_quickchat_preset_008,†Ä“†Ä“†Ä“,;(,__£,T_T,T_T,TTTT,:(,:(,;(,;(,;(,;(,(T´_èT),;(,;(
zw_new_quickchat_preset_009,_¾ï__ñ_‘,Thanks,†ä†ä_†‘†å†æ´_,ç¢ç¢~,ç¢ç¢~,šÙäšÙ_šÙ_šÙÜšÙÙšÙ–,Makasih,__è_ç‹_Ù_±__,Grazie,Obrigado(a)~,Gracias,Cˆ_£m ¬n,ŒŒ´__,Merci,Te™ekk’_rler
zw_new_quickchat_preset_010,ñÈ—ñ_ç!,Wow!,†ä†Û_´_,ë–öë•“´_,ë–öë•“´_,šÙ_š__šÙ_šÙ_!,Wow!,______!,Wow!,Eita!,ÎGuau!,Qu’¾o,ë–ö´_ ,Waouh !,Harika!
zw_new_quickchat_preset_011,ñ¢ ñ«Ü!,Nice!,†Ü†Ü†_´_,ëÇ_´_,ëÇ_´_,šÙ”šÙµ!,Oke!,_Ç__‹—__‹___,Bello!,Eu topo!,ÎGenial!,Tuyˆöt vˆi ’‚ng mˆ_àt trˆi,ëÇ_ë–ö´_,Lourd !,óçyi!
zw_new_quickchat_preset_012,†Äö†Äö,Yes,†æ†ä–,ëãÀëãÀ,ëãÀëãÀ,šÙ_šÙàšÙ,Iya,_”_ç,S’Œ,Sim,S’_,ˆéa,ëãÀ,Oui,Evet
zw_new_quickchat_preset_013,†Ü±†Ü±†Ü±,LetŠ—Ès go,†ÛŒ†ÛÛ†ÛÜ†ä‚†Û_´_,ëö_ë•,ëö_ë•,š_ÜšÙ_šÙšÙ±šÙÈ,Ayo!,_‹Û ___µ!,Andiamo!,Vamos,Vamos,G’©t g’‚!,µçë_,Allons-y,Hadi gidelim
zw_new_quickchat_preset_014,†Ü‚†Ü‚,No,†Û_†Û_,_Ù_Ù,_Ù_Ù,š_ÜšÙš__,Tidak,__µ‹ä,No,N’£o,No,Hong,_Ù_…À,Non,Hayó±r
zw_new_quickchat_preset_015,ñ_‚ï_ ïä…ï_ñãñÜ“ ñÈ”ñ_‚?,Where are you from?,†©†Âë__† †ä__Ç†™†Â†—“´_™,__¾_…Àë–é_ö‘___´_™,__¾_…Àë–é_ö‘___´_™,šÙšÙ_šÙ_šÙ_šÙšÙ_šÙ£šÙçš_—šÙãšÙåš_ÜšÙâšÙÈ?,Kamu orang mana?,__‹ä__‹Û_‚_ç ‹ä‹ ?,Da dove vieni?,De onde voc’é ’©?,ÎèDe d’_nde eres?,Bˆ_n ó•ˆ_èn tˆâ ó•’¢u vˆ__y?,__¾_…Àë–éë“ ___´_™,Tu viens d'o’_?,Nerelisin?
BP_DN_ReceiveNoti,{sender} donated {amount}{type}! {action},{sender} donated {amount}{type}! {action},{sender} donated {amount}{type}! {action},{sender} donated {amount}{type}! {action},{sender} donated {amount}{type}! {action},{sender} donated {amount}{type}! {action},{sender} donated {amount}{type}! {action},{sender} donated {amount}{type}! {action},{sender} donated {amount}{type}! {action},{sender} donated {amount}{type}! {action},{sender} donated {amount}{type}! {action},{sender} donated {amount}{type}! {action},{sender} donated {amount}{type}! {action},{sender} donated {amount}{type}! {action},{sender} donated {amount}{type}! {action}
BP_Desc_Zem,_,zem,zem,zem,zem,zem,zem,zem,zem,zem,zem,zem,zem,zem,zem
BP_Desc_Coin,__,coin,coin,coin,coin,coin,coin,coin,coin,coin,coin,coin,coin,coin,coin
bp_action_dn_teleport,Teleport to hidden location,Teleport to hidden location,Teleport to hidden location,Teleport to hidden location,Teleport to hidden location,Teleport to hidden location,Teleport to hidden location,Teleport to hidden location,Teleport to hidden location,Teleport to hidden location,Teleport to hidden location,Teleport to hidden location,Teleport to hidden location,Teleport to hidden location,Teleport to hidden location
bp_action_dn_respawn,I will respawn,I will respawn,I will respawn,I will respawn,I will respawn,I will respawn,I will respawn,I will respawn,I will respawn,I will respawn,I will respawn,I will respawn,I will respawn,I will respawn,I will respawn
bp_action_dn_gesture,Dance for you,Dance for you,Dance for you,Dance for you,Dance for you,Dance for you,Dance for you,Dance for you,Dance for you,Dance for you,Dance for you,Dance for you,Dance for you,Dance for you,Dance for you
bp_action_dn_nohair,Go bald,Go bald,Go bald,Go bald,Go bald,Go bald,Go bald,Go bald,Go bald,Go bald,Go bald,Go bald,Go bald,Go bald,Go bald
bp_action_dn_nomakeup,No makeup TT,No makeup TT,No makeup TT,No makeup TT,No makeup TT,No makeup TT,No makeup TT,No makeup TT,No makeup TT,No makeup TT,No makeup TT,No makeup TT,No makeup TT,No makeup TT,No makeup TT
bp_action_dn_buff,Give me boost!,Give me boost!,Give me boost!,Give me boost!,Give me boost!,Give me boost!,Give me boost!,Give me boost!,Give me boost!,Give me boost!,Give me boost!,Give me boost!,Give me boost!,Give me boost!,Give me boost!
bp_action_dn_create,Give me a box,Give me a box,Give me a box,Give me a box,Give me a box,Give me a box,Give me a box,Give me a box,Give me a box,Give me a box,Give me a box,Give me a box,Give me a box,Give me a box,Give me a box
bp_action_dn_throw,Throw something at me,Throw something at me,Throw something at me,Throw something at me,Throw something at me,Throw something at me,Throw something at me,Throw something at me,Throw something at me,Throw something at me,Throw something at me,Throw something at me,Throw something at me,Throw something at me,Throw something at me
bp_action_dn_spawn,Make things appear,Make things appear,Make things appear,Make things appear,Make things appear,Make things appear,Make things appear,Make things appear,Make things appear,Make things appear,Make things appear,Make things appear,Make things appear,Make things appear,Make things appear
bp_action_dn_profile,Display your name for 60 sec,Display your name for 60 sec,Display your name for 60 sec,Display your name for 60 sec,Display your name for 60 sec,Display your name for 60 sec,Display your name for 60 sec,Display your name for 60 sec,Display your name for 60 sec,Display your name for 60 sec,Display your name for 60 sec,Display your name for 60 sec,Display your name for 60 sec,Display your name for 60 sec,Display your name for 60 sec
bp_action_dn_show,Reveal ,Reveal ,Reveal ,Reveal ,Reveal ,Reveal ,Reveal ,Reveal ,Reveal ,Reveal ,Reveal ,Reveal ,Reveal ,Reveal ,Reveal 
bp_action_dn_hide,Dissapear,Dissapear,Dissapear,Dissapear,Dissapear,Dissapear,Dissapear,Dissapear,Dissapear,Dissapear,Dissapear,Dissapear,Dissapear,Dissapear,Dissapear